{
  "WindowPadding": [
    1,
    1
  ],
  "FramePadding": [
    3,
    3
  ],
  "ItemSpacing": [
    2,
    2
  ],
  "ItemInnerSpacing": [
    1,
    1
  ],
  "TouchExtraPadding": [
    1,
    1
  ],
  "IndentSpacing": 12,
  "ScrollbarSize": 6,
  "GrabMinSize": 7,
  "WindowBorderSize": 1,
  "ChildBorderSize": 1,
  "PopupBorderSize": 1,
  "FrameBorderSize": 1,
  "TabBorderSize": 1,
  "TabBarBorderSize": 1,
  "WindowRounding": 1,
  "ChildRounding": 1,
  "FrameRounding": 1,
  "PopupRounding": 1,
  "ScrollbarRounding": 1,
  "GrabRounding": 1,
  "TabRounding": 1,
  "CellPadding": [
    2,
    2
  ],
  "TableAngledHeadersAngle": 35.000004,
  "WindowTitleAlign": [
    1,
    0.5
  ],
  "WindowMenuButtonPosition": "right",
  "ColorButtonPosition": "right",
  "ButtonTextAlign": [
    0.5,
    0.5
  ],
  "SelectableTextAlign": [
    0,
    0
  ],
  "SeparatorTextBorderSize": 0,
  "SeparatorTextAlign": [
    0,
    0.5
  ],
  "SeparatorTextPadding": [
    10,
    0
  ],
  "LogSliderDeadzone": 0,
  "Colors": {
    "Text": [
      1,
      0.71232873,
      0,
      1
    ],
    "TextDisabled": [
      0.60730594,
      0.43260148,
      0,
      1
    ],
    "WindowBg": [
      0.06,
      0.06,
      0.06,
      1
    ],
    "ChildBg": [
      0,
      0,
      0,
      1
    ],
    "PopupBg": [
      0.08,
      0.08,
      0.08,
      1
    ],
    "Border": [
      0.7625571,
      0.5431913,
      0,
      1
    ],
    "BorderShadow": [
      0,
      0,
      0,
      0
    ],
    "FrameBg": [
      0,
      0,
      0,
      1
    ],
    "FrameBgHovered": [
      0.25570774,
      0.18214795,
      0,
      1
    ],
    "FrameBgActive": [
      0.4109589,
      0.2927378,
      0,
      1
    ],
    "TitleBg": [
      0.04,
      0.04,
      0.04,
      1
    ],
    "TitleBgActive": [
      0,
      0,
      0,
      1
    ],
    "TitleBgCollapsed": [
      0,
      0,
      0,
      1
    ],
    "MenuBarBg": [
      0,
      0,
      0,
      1
    ],
    "ScrollbarBg": [
      0,
      0,
      0,
      1
    ],
    "ScrollbarGrab": [
      0.61187214,
      0.4358541,
      0,
      1
    ],
    "ScrollbarGrabHovered": [
      0.73972607,
      0.5269281,
      0,
      1
    ],
    "ScrollbarGrabActive": [
      1,
      0.71232873,
      0,
      1
    ],
    "CheckMark": [
      1,
      0.71232873,
      0,
      1
    ],
    "SliderGrab": [
      0.61187214,
      0.4358541,
      0,
      1
    ],
    "SliderGrabActive": [
      1,
      0.71232873,
      0,
      1
    ],
    "Button": [
      0.3580786,
      0.25331324,
      0,
      1
    ],
    "ButtonHovered": [
      0.37991267,
      0.2687592,
      0,
      1
    ],
    "ButtonActive": [
      0.79908675,
      0.56921244,
      0,
      1
    ],
    "Header": [
      0.6666666,
      0.4748858,
      0,
      1
    ],
    "HeaderHovered": [
      1,
      0.71232873,
      0,
      0.8
    ],
    "HeaderActive": [
      1,
      0.71232873,
      0,
      1
    ],
    "Separator": [
      1,
      0.71232873,
      0,
      1
    ],
    "SeparatorHovered": [
      1,
      0.71232873,
      0,
      1
    ],
    "SeparatorActive": [
      1,
      0.71232873,
      0,
      1
    ],
    "ResizeGrip": [
      1,
      0.71232873,
      0,
      0.2
    ],
    "ResizeGripHovered": [
      1,
      0.71232873,
      0,
      0.67
    ],
    "ResizeGripActive": [
      1,
      0.71232873,
      0,
      0.95
    ],
    "TabHovered": [
      1,
      0.71232873,
      0,
      0.8
    ],
    "Tab": [
      0,
      0,
      0,
      0.862
    ],
    "TabSelected": [
      0.1917808,
      0.13661098,
      0,
      1
    ],
    "TabSelectedOverline": [
      1,
      0.71232873,
      0,
      0
    ],
    "TabDimmed": [
      0,
      0,
      0,
      0.9724
    ],
    "TabDimmedSelected": [
      0.118721485,
      0.084568724,
      0,
      1
    ],
    "TabDimmedSelectedOverline": [
      0,
      0,
      0,
      0
    ],
    "DockingPreview": [
      1,
      0.71232873,
      0,
      1
    ],
    "DockingEmptyBg": [
      0,
      0,
      0,
      1
    ],
    "PlotLines": [
      0.6210046,
      0.44235942,
      0,
      1
    ],
    "PlotLinesHovered": [
      1,
      0.8130137,
      0.35000002,
      1
    ],
    "PlotHistogram": [
      0.9,
      0.6410958,
      0,
      1
    ],
    "PlotHistogramHovered": [
      1,
      0.71232873,
      0,
      1
    ],
    "TableHeaderBg": [
      0.19,
      0.19,
      0.2,
      1
    ],
    "TableBorderStrong": [
      0.31,
      0.31,
      0.35,
      1
    ],
    "TableBorderLight": [
      0.23,
      0.23,
      0.25,
      1
    ],
    "TableRowBg": [
      0,
      0,
      0,
      0
    ],
    "TableRowBgAlt": [
      1,
      1,
      1,
      0.06
    ],
    "TextLink": [
      1,
      0.71232873,
      0,
      1
    ],
    "TextSelectedBg": [
      1,
      0.71232873,
      0,
      0.35
    ],
    "DragDropTarget": [
      1,
      0.71232873,
      0,
      0.9
    ],
    "NavHighlight": [
      1,
      0.71232873,
      0,
      1
    ],
    "NavWindowingHighlight": [
      1,
      1,
      1,
      0.7
    ],
    "NavWindowingDimBg": [
      0.8,
      0.8,
      0.8,
      0.2
    ]
  }
}